Benford Number, Percentage, 
1, 31.48148%, 
2, 13.82716%, 
3, 12.716049%, 
4, 11.049382%, 
5, 9.012346%, 
6, 6.790123%, 
7, 5.6790123%, 
8, 4.259259%, 
9, 5.185185%